rank,scaler,encoder,model,params,macro_f1,macro_f1_std,macro_recall,accuracy,fit_seconds
1,minmax,ordinal,RandomForest,"n_estimators=400, max_depth=15",0.696227271062566,0.0035212424893873093,0.7191853185063336,0.7108742877507903,1.8453683853149414
2,standard,ordinal,RandomForest,"n_estimators=400, max_depth=15",0.6941549387926492,0.003184980717023618,0.7164020406416638,0.7091244595925884,1.9492757320404053
3,robust,ordinal,RandomForest,"n_estimators=400, max_depth=15",0.6939782935164618,0.0031719469692029303,0.7160384050717399,0.7089994283347739,1.871063232421875
4,standard,onehot,RandomForest,"n_estimators=400, max_depth=15",0.6938226068904912,0.004307244227220933,0.7221619739614131,0.707124522037896,2.0165657997131348
5,minmax,onehot,RandomForest,"n_estimators=200, max_depth=15",0.6938126552655713,0.005043914377960455,0.7225088296915282,0.707124193871865,1.0171353816986084
6,minmax,ordinal,RandomForest,"n_estimators=200, max_depth=15",0.6935638495715368,0.0023675124498540845,0.7159981984502535,0.7081244439343807,1.0417439937591553
7,robust,onehot,RandomForest,"n_estimators=400, max_depth=15",0.6934014279123506,0.005936221415143283,0.7214489009538326,0.7067493345027295,1.918095588684082
8,robust,onehot,RandomForest,"n_estimators=200, max_depth=None",0.6931676172274587,0.0014410063276594377,0.6927345063611702,0.7173746473738795,1.104250431060791
9,minmax,onehot,RandomForest,"n_estimators=400, max_depth=15",0.6931346842068763,0.003770262439382379,0.7215946434454642,0.7063744282527326,1.8515944480895996
10,standard,onehot,RandomForest,"n_estimators=200, max_depth=None",0.693044012452669,0.0017169104507114964,0.6926226064795095,0.7169995067195746,1.1805589199066162
11,robust,ordinal,RandomForest,"n_estimators=200, max_depth=15",0.6930287882984594,0.004159606894153619,0.7151588266030148,0.7077493501609373,1.0597710609436035
12,standard,target,RandomForest,"n_estimators=400, max_depth=None",0.692692362250228,0.00479370847566859,0.6987792036757305,0.7137491628250144,2.0996668338775635
13,standard,ordinal,RandomForest,"n_estimators=200, max_depth=15",0.6926595693615898,0.004145356139791973,0.7143175556897815,0.7076242720222613,1.07586669921875
14,standard,onehot,RandomForest,"n_estimators=400, max_depth=None",0.6923984256327835,0.004507526610081073,0.6922203143183646,0.7159990691336127,2.0691545009613037
15,minmax,target,RandomForest,"n_estimators=400, max_depth=None",0.6923855550481194,0.004815428379630735,0.6993207853007282,0.7132492253172029,2.0623080730438232
16,standard,target,RandomForest,"n_estimators=400, max_depth=15",0.6921802358217223,0.0027904107913988728,0.7205165165005915,0.7053744125945247,2.0064637660980225
17,robust,target,RandomForest,"n_estimators=400, max_depth=None",0.692017619116589,0.006010003336164351,0.6983550569561509,0.7131240065359421,2.066516160964966
18,standard,onehot,RandomForest,"n_estimators=200, max_depth=15",0.6917435625367397,0.005298790280459339,0.7193689706977463,0.7052493813367103,1.0621483325958252
19,minmax,target,RandomForest,"n_estimators=400, max_depth=15",0.6917267209297796,0.0025796163614889215,0.7201416628567546,0.7048744750867132,2.003390312194824
20,minmax,onehot,RandomForest,"n_estimators=400, max_depth=None",0.6912069831974462,0.00483305501748695,0.6907756566704449,0.7153740066062634,1.915628433227539
21,robust,onehot,RandomForest,"n_estimators=200, max_depth=15",0.6912024118839835,0.005755175267434464,0.7188802194682974,0.7046243656902226,1.0993072986602783
22,standard,target,RandomForest,"n_estimators=200, max_depth=None",0.6911677688022242,0.0027612266951923654,0.6968408688402826,0.7121243659246271,1.189305305480957
23,minmax,target,RandomForest,"n_estimators=200, max_depth=None",0.691091870031789,0.006652097772204251,0.6971396728148416,0.7119986783347505,1.1620357036590576
24,minmax,onehot,RandomForest,"n_estimators=200, max_depth=None",0.6910407986705694,0.003904334199396657,0.6899322105260385,0.7154992253875242,1.0506014823913574
25,standard,target,RandomForest,"n_estimators=200, max_depth=15",0.690916452179171,0.0032299034724617135,0.7187794180875846,0.70437449069804,1.200190782546997
26,robust,target,RandomForest,"n_estimators=200, max_depth=15",0.6907993156693273,0.004338934967397192,0.7190866698913297,0.7039993969245967,1.0967400074005127
27,robust,target,RandomForest,"n_estimators=400, max_depth=15",0.6905787640886413,0.0030364683102374456,0.718958172497875,0.7037493812898293,1.9555792808532715
28,robust,target,RandomForest,"n_estimators=200, max_depth=None",0.6899448886181975,0.005710129882296279,0.6960229181572973,0.7111239283386652,1.1196339130401611
29,robust,onehot,RandomForest,"n_estimators=400, max_depth=None",0.6885384290677813,0.004840407575999145,0.6879838307206411,0.712749006524222,2.039795398712158
30,minmax,target,RandomForest,"n_estimators=200, max_depth=15",0.6875461774632723,0.0055171948359023035,0.7160615353337589,0.7004990373952693,1.180018424987793
31,robust,ordinal,RandomForest,"n_estimators=200, max_depth=None",0.6858790834844886,0.0060821259517164425,0.6790506929577939,0.7133741628132942,1.079836130142212
32,minmax,ordinal,RandomForest,"n_estimators=200, max_depth=None",0.6839693965477677,0.006956565970483762,0.6771221016139619,0.7118740690046903,1.0368869304656982
33,standard,ordinal,RandomForest,"n_estimators=200, max_depth=None",0.6839264093439855,0.008345209496026917,0.6774444154382557,0.7113738502117092,1.0638396739959717
34,robust,ordinal,RandomForest,"n_estimators=400, max_depth=None",0.6834101949631778,0.005184966274984998,0.6767420742189286,0.7104993815007932,1.9374747276306152
35,standard,ordinal,RandomForest,"n_estimators=400, max_depth=None",0.683273701401831,0.006174960440572608,0.6762126185958324,0.7108741471082056,2.085238456726074
36,minmax,ordinal,RandomForest,"n_estimators=400, max_depth=None",0.6830332251267809,0.007186411617340525,0.6766430425795482,0.7104989126921776,1.9001705646514893
37,standard,onehot,GradientBoosting,"n_estimators=150, learning_rate=0.05, max_depth=5",0.6817622541164878,0.0031185262553438593,0.6801036026731122,0.7057498345339991,35.51105785369873
38,minmax,onehot,GradientBoosting,"n_estimators=150, learning_rate=0.05, max_depth=5",0.6814068287780753,0.001601349580947645,0.6804664966015643,0.7053749282840021,35.268697023391724
39,robust,ordinal,GradientBoosting,"n_estimators=150, learning_rate=0.05, max_depth=5",0.6794288392629194,0.0040174732502144045,0.6783608979051121,0.7028754751492522,36.564964294433594
40,robust,onehot,GradientBoosting,"n_estimators=150, learning_rate=0.05, max_depth=5",0.679295208705347,0.006183560608182678,0.677821006877196,0.7028747250554671,37.84772539138794
41,standard,target,GradientBoosting,"n_estimators=150, learning_rate=0.05, max_depth=5",0.6788781763481867,0.007161421627873815,0.6782712137542318,0.702499162473408,42.42463660240173
42,minmax,target,GradientBoosting,"n_estimators=150, learning_rate=0.05, max_depth=5",0.6788741630698588,0.0056172314227313554,0.6777267456954451,0.7023743656199014,40.918720960617065
43,robust,onehot,GradientBoosting,"n_estimators=150, learning_rate=0.05, max_depth=3",0.6785357245071094,0.006210063081527075,0.681282804575957,0.7006253813172078,25.10589361190796
44,robust,target,GradientBoosting,"n_estimators=150, learning_rate=0.05, max_depth=5",0.6781079430424741,0.007120321274063045,0.6777527736424599,0.701874193707782,40.6195023059845
45,minmax,onehot,GradientBoosting,"n_estimators=150, learning_rate=0.1, max_depth=5",0.677693007574013,0.0018577179342927012,0.6737191952066187,0.7026249438250076,38.68957757949829
46,minmax,target,GradientBoosting,"n_estimators=150, learning_rate=0.1, max_depth=5",0.6776167853170508,0.013441716379730191,0.6752267979338457,0.7022483029831323,40.76184582710266
47,standard,ordinal,GradientBoosting,"n_estimators=150, learning_rate=0.05, max_depth=5",0.677311123440738,0.0023236482464670883,0.6769432954176189,0.7006249125085922,33.13887357711792
48,standard,onehot,GradientBoosting,"n_estimators=150, learning_rate=0.1, max_depth=5",0.6772581659654927,0.0035702760784739997,0.6743611497690516,0.7011252719441577,37.22464466094971
49,minmax,ordinal,GradientBoosting,"n_estimators=150, learning_rate=0.05, max_depth=5",0.6770210235596871,0.0058013480204290166,0.6759604964205139,0.7008755844754214,33.12233090400696
50,standard,onehot,GradientBoosting,"n_estimators=150, learning_rate=0.05, max_depth=3",0.6768221005021218,0.005213731511469604,0.6799337758638884,0.6988751312312518,21.943519830703735
51,minmax,target,GradientBoosting,"n_estimators=150, learning_rate=0.1, max_depth=3",0.6765533268350731,0.007501528542963498,0.6772296212235952,0.7003746155886553,24.803231477737427
52,minmax,onehot,GradientBoosting,"n_estimators=150, learning_rate=0.05, max_depth=3",0.6764370909746913,0.005302373417638771,0.679406284317114,0.6992504125281412,21.81269931793213
53,standard,onehot,GradientBoosting,"n_estimators=150, learning_rate=0.1, max_depth=3",0.6762449525527207,0.0054643910275145,0.67577484013621,0.7001255375711195,21.82790446281433
54,robust,onehot,GradientBoosting,"n_estimators=150, learning_rate=0.1, max_depth=3",0.675966050826086,0.004405601245440724,0.6753206671004562,0.6997502562742298,21.5295512676239
55,robust,onehot,GradientBoosting,"n_estimators=150, learning_rate=0.1, max_depth=5",0.6758858483246915,0.0012794599606778193,0.6730469583423216,0.7007500375281297,36.552823305130005
56,standard,target,GradientBoosting,"n_estimators=150, learning_rate=0.1, max_depth=5",0.6758387337144779,0.01046325629515595,0.6738713537187131,0.7009986936179113,41.08169984817505
57,robust,target,GradientBoosting,"n_estimators=150, learning_rate=0.1, max_depth=5",0.6758194978049606,0.008701919705945506,0.6735509031158863,0.700374099899178,44.13242053985596
58,minmax,onehot,GradientBoosting,"n_estimators=150, learning_rate=0.1, max_depth=3",0.6752852956708563,0.006274694581928866,0.6750360750794107,0.6992500843621104,23.88522434234619
59,minmax,ordinal,GradientBoosting,"n_estimators=150, learning_rate=0.1, max_depth=5",0.675178192962327,0.0026867463682308016,0.6726397448290592,0.6997497405847525,39.93065309524536
60,standard,ordinal,GradientBoosting,"n_estimators=150, learning_rate=0.1, max_depth=5",0.6749984355768078,0.005738613672655427,0.6715825481962309,0.7002493968073945,35.98640322685242
61,robust,ordinal,GradientBoosting,"n_estimators=150, learning_rate=0.1, max_depth=5",0.674464417476365,0.004924148960931985,0.6714168139705482,0.7001247874773343,32.71052551269531
62,robust,target,GradientBoosting,"n_estimators=150, learning_rate=0.05, max_depth=3",0.6732002459744931,0.00857355956093041,0.6761845831755692,0.6957487872155514,25.014236211776733
63,minmax,target,GradientBoosting,"n_estimators=150, learning_rate=0.05, max_depth=3",0.6729604933603618,0.007999736077377103,0.6752445250577322,0.6956237559577371,25.251766681671143
64,standard,ordinal,GradientBoosting,"n_estimators=150, learning_rate=0.1, max_depth=3",0.6728365546063881,0.004107378045089657,0.6718399103628289,0.6981248499226419,20.15201687812805
65,standard,target,GradientBoosting,"n_estimators=150, learning_rate=0.05, max_depth=3",0.6728336539339864,0.009012500251491735,0.6757716961228541,0.6954987246999226,30.882322311401367
66,minmax,ordinal,GradientBoosting,"n_estimators=150, learning_rate=0.05, max_depth=3",0.6727233266262856,0.00773485286745893,0.6729417208369523,0.6971247405027109,20.033198595046997
67,minmax,ordinal,GradientBoosting,"n_estimators=150, learning_rate=0.1, max_depth=3",0.6724095005166125,0.004472446230419533,0.6710477857232018,0.6967495998484061,21.972596645355225
68,standard,target,GradientBoosting,"n_estimators=150, learning_rate=0.1, max_depth=3",0.6717196304732642,0.007066195714576609,0.6718651366426686,0.6958744279245664,25.05387282371521
69,robust,ordinal,GradientBoosting,"n_estimators=150, learning_rate=0.1, max_depth=3",0.6712990483471736,0.006264589630740669,0.6703165948760725,0.6962501780300717,20.553356885910034
70,robust,target,GradientBoosting,"n_estimators=150, learning_rate=0.1, max_depth=3",0.6709380508452533,0.00967246872909453,0.6704911285440877,0.6958739122350891,25.399038076400757
71,standard,ordinal,GradientBoosting,"n_estimators=150, learning_rate=0.05, max_depth=3",0.6708590853639005,0.0042915761376399264,0.6710004517715648,0.6957500061179523,21.76201367378235
72,robust,ordinal,GradientBoosting,"n_estimators=150, learning_rate=0.05, max_depth=3",0.6706210294652967,0.00352123212347105,0.6703269529878435,0.6960000217527198,23.335918426513672
73,minmax,ordinal,DecisionTree,"max_depth=10, min_samples_leaf=20",0.6577684011245842,0.0029593045510709686,0.7018764661189807,0.6656253489694133,0.21567487716674805
74,robust,target,LogisticRegression,C=5.0,0.6572107856205451,0.005650425077863516,0.7031271846197504,0.6649997238717252,5.423590421676636
75,robust,target,LogisticRegression,C=1.0,0.6568907767513701,0.006059939941829191,0.7029888483479912,0.6646245363365588,5.530282258987427
76,robust,ordinal,DecisionTree,"max_depth=10, min_samples_leaf=20",0.6566986890665508,0.0022583079111854164,0.7017696551487119,0.6642503332994854,0.24675846099853516
77,standard,ordinal,DecisionTree,"max_depth=10, min_samples_leaf=20",0.6566986890665508,0.0022583079111854164,0.7017696551487119,0.6642503332994854,0.21793889999389648
78,standard,target,LogisticRegression,C=5.0,0.6562832479678478,0.006252634981604505,0.7016719068751978,0.6639995675709329,0.6630048751831055
79,minmax,target,LogisticRegression,C=5.0,0.6561954204274111,0.005544885815650486,0.7016085267333171,0.6639996144517945,0.7070159912109375
80,standard,target,LogisticRegression,C=1.0,0.6559427478501094,0.005971905039919351,0.7015176976620509,0.6637495519361655,0.5973818302154541
81,minmax,target,LogisticRegression,C=1.0,0.6552134401909466,0.006424763728374497,0.7015396685180683,0.6628745675357722,0.58213210105896
82,robust,onehot,LogisticRegression,C=5.0,0.6550411689961978,0.0055964375601226775,0.6999977513597152,0.6627498644439888,9.813133239746094
83,robust,onehot,LogisticRegression,C=0.1,0.6550303650001985,0.006077994716835947,0.7008274733388823,0.662499567524052,7.050534725189209
84,standard,onehot,LogisticRegression,C=5.0,0.6549741286266134,0.00535131022756784,0.6998389137421318,0.6627499113248504,0.24314069747924805
85,minmax,target,DecisionTree,"max_depth=10, min_samples_leaf=20",0.6549702358181048,0.008640277506820174,0.6996204008314554,0.6616265052389831,0.2777993679046631
86,standard,onehot,LogisticRegression,C=1.0,0.6547210716323854,0.005416444119502657,0.6996187916389296,0.6624998488092214,0.33744001388549805
87,robust,target,LogisticRegression,C=0.1,0.6545833073302698,0.007803882552396105,0.7012007962694712,0.6621240049419929,5.496196269989014
88,robust,onehot,LogisticRegression,C=1.0,0.6545626535524667,0.005836752451153052,0.699557507153311,0.6622497862935925,8.879580020904541
89,standard,onehot,LogisticRegression,C=0.1,0.6543877778448471,0.005915679568923241,0.6999580640536315,0.6618746925201492,0.38605332374572754
90,minmax,onehot,LogisticRegression,C=1.0,0.6543183611160632,0.006228192463988998,0.7001320833476857,0.6617495675006114,0.3592653274536133
91,standard,target,DecisionTree,"max_depth=10, min_samples_leaf=20",0.6540667128743451,0.007734033919858779,0.7000521263089822,0.6605013176803762,0.344012975692749
92,robust,target,DecisionTree,"max_depth=10, min_samples_leaf=20",0.6540667128743451,0.007734033919858779,0.7000521263089822,0.6605013176803762,0.2884354591369629
93,standard,target,LogisticRegression,C=0.1,0.6539818438255379,0.007489843881251214,0.7004428768279,0.6616240674341813,0.3814518451690674
94,minmax,onehot,LogisticRegression,C=5.0,0.6537147075172398,0.006490172564857983,0.6987858508297652,0.661374708131476,0.32920145988464355
95,minmax,target,DecisionTree,"max_depth=25, min_samples_leaf=20",0.6530059476804282,0.009515523352521222,0.6955862307546642,0.6603766614694543,0.2971510887145996
96,robust,target,DecisionTree,"max_depth=25, min_samples_leaf=20",0.6517174182549441,0.00915224645310799,0.6960216475197457,0.6587515364030359,0.3029782772064209
97,standard,target,DecisionTree,"max_depth=25, min_samples_leaf=20",0.6517174182549441,0.00915224645310799,0.6960216475197457,0.6587515364030359,0.3317697048187256
98,minmax,onehot,DecisionTree,"max_depth=10, min_samples_leaf=20",0.6501849743695317,0.010985732260117155,0.6912750070544581,0.6592485672974299,0.23182272911071777
99,minmax,onehot,DecisionTree,"max_depth=10, min_samples_leaf=1",0.6500811684550928,0.004294495617852369,0.678448353389825,0.6631243956470932,0.30028223991394043
100,minmax,ordinal,DecisionTree,"max_depth=10, min_samples_leaf=1",0.64973963890361,0.00450209430333608,0.6833053691879017,0.6606244268228663,0.23730063438415527
101,robust,onehot,DecisionTree,"max_depth=10, min_samples_leaf=20",0.6488213832761817,0.01136144880591242,0.6900206774252252,0.6578735047466404,0.23442363739013672
102,standard,onehot,DecisionTree,"max_depth=10, min_samples_leaf=20",0.6488213832761817,0.01136144880591242,0.6900206774252252,0.6578735047466404,0.22695183753967285
103,standard,onehot,DecisionTree,"max_depth=10, min_samples_leaf=1",0.6487068272745002,0.005255588644349922,0.6776506951171809,0.661499364342398,0.24434947967529297
104,robust,onehot,DecisionTree,"max_depth=10, min_samples_leaf=1",0.6487068272745002,0.005255588644349922,0.6776506951171809,0.661499364342398,0.248915433883667
105,robust,ordinal,DecisionTree,"max_depth=10, min_samples_leaf=1",0.6485524276817346,0.0053177795611674145,0.6814854691646923,0.659499379906844,0.2657167911529541
106,standard,ordinal,DecisionTree,"max_depth=10, min_samples_leaf=1",0.6485466729954922,0.005589572364701682,0.6813890866899359,0.6594993330259824,0.2760157585144043
107,minmax,target,LogisticRegression,C=0.1,0.6476827650971856,0.0072536660991141064,0.6954968456968181,0.6547493172505724,0.3822009563446045
108,minmax,onehot,LogisticRegression,C=0.1,0.6474984155887469,0.005706983026906949,0.6952905859618729,0.6543747391666064,0.29791855812072754
109,robust,target,DecisionTree,"max_depth=10, min_samples_leaf=1",0.645474272247685,0.01560542614788567,0.6729051613361244,0.6592512863874012,0.31511878967285156
110,standard,target,DecisionTree,"max_depth=10, min_samples_leaf=1",0.6453878518522899,0.015518222744479638,0.672889781652198,0.6591263020104482,0.2974708080291748
111,minmax,target,DecisionTree,"max_depth=10, min_samples_leaf=1",0.6447110508652122,0.015750528419914665,0.6710920701025648,0.6587512551178665,0.2949638366699219
112,minmax,onehot,DecisionTree,"max_depth=25, min_samples_leaf=20",0.6403726557555488,0.011344326280901191,0.685904582596835,0.6483748796216676,0.24923348426818848
113,standard,ordinal,DecisionTree,"max_depth=25, min_samples_leaf=20",0.6400980060881022,0.003777566112234831,0.687017386419094,0.646750223363865,0.2873549461364746
114,robust,ordinal,DecisionTree,"max_depth=25, min_samples_leaf=20",0.6400980060881022,0.003777566112234831,0.687017386419094,0.646750223363865,0.25400638580322266
115,minmax,ordinal,DecisionTree,"max_depth=25, min_samples_leaf=20",0.6393165000665585,0.003285851474007692,0.6858019454383855,0.6461251608365158,0.24060797691345215
116,robust,onehot,DecisionTree,"max_depth=25, min_samples_leaf=20",0.6385053630852137,0.011244590341375598,0.6837158679091778,0.6466246295357116,0.25386834144592285
117,standard,onehot,DecisionTree,"max_depth=25, min_samples_leaf=20",0.6385053630852137,0.011244590341375598,0.6837158679091778,0.6466246295357116,0.2481088638305664
118,standard,ordinal,LogisticRegression,C=1.0,0.6367717643487102,0.008268050960048307,0.6834961056335213,0.6427488949477714,0.4883568286895752
119,standard,ordinal,LogisticRegression,C=5.0,0.6366465535466094,0.008534736809475833,0.6833545628168193,0.6426238168090954,0.5787613391876221
120,robust,ordinal,LogisticRegression,C=5.0,0.6365937266381243,0.00844709191785233,0.6833249626981069,0.6426239105708186,4.476571559906006
121,robust,ordinal,LogisticRegression,C=1.0,0.6364171013148131,0.008663743266698007,0.6832641865998633,0.6423738480551896,4.908525705337524
122,standard,ordinal,LogisticRegression,C=0.1,0.636004568310251,0.008285133907097503,0.6830784596190039,0.6418737699047933,0.43859386444091797
123,robust,ordinal,LogisticRegression,C=0.1,0.6358458328968982,0.00825058307903917,0.6829366807299303,0.6417487855278404,5.0353217124938965
124,minmax,ordinal,LogisticRegression,C=5.0,0.6357764442681363,0.00792571582091666,0.6825521676056542,0.6417489261704252,1.3174386024475098
125,minmax,ordinal,LogisticRegression,C=1.0,0.635624490815922,0.008644069340896472,0.6825252807744238,0.6417485511235327,0.9710414409637451
126,minmax,ordinal,LogisticRegression,C=0.1,0.6334773870118903,0.008190898678182146,0.6807712494632537,0.6401236604614221,0.5894930362701416
127,minmax,onehot,DecisionTree,"max_depth=25, min_samples_leaf=1",0.5910172019558623,0.011148303694284054,0.59058361040137,0.6240013321665624,0.3240783214569092
128,standard,onehot,DecisionTree,"max_depth=25, min_samples_leaf=1",0.5902670543042364,0.007535776311391055,0.5898802928923804,0.6232507695727831,0.34024524688720703
129,robust,onehot,DecisionTree,"max_depth=25, min_samples_leaf=1",0.5900902552713969,0.008189891358595396,0.589678537897874,0.6228758633227861,0.33176255226135254
130,standard,ordinal,DecisionTree,"max_depth=25, min_samples_leaf=1",0.5882179136509208,0.005113355710180455,0.5888227721251615,0.6193754100317356,0.5070996284484863
131,robust,ordinal,DecisionTree,"max_depth=25, min_samples_leaf=1",0.5875602713047905,0.00489353369919643,0.5882362679340077,0.6190003631391537,0.4553062915802002
132,minmax,ordinal,DecisionTree,"max_depth=25, min_samples_leaf=1",0.5839204281588862,0.0015093811783616548,0.5836283779757484,0.6168747848754464,0.3247034549713135
133,standard,target,DecisionTree,"max_depth=25, min_samples_leaf=1",0.5837385037864804,0.00826808869362961,0.5832609920895707,0.6173758006430742,0.44147181510925293
134,robust,target,DecisionTree,"max_depth=25, min_samples_leaf=1",0.5835027245205895,0.008522817296707482,0.5828628779840132,0.6175009256626117,0.3926682472229004
135,minmax,target,DecisionTree,"max_depth=25, min_samples_leaf=1",0.5818468571022954,0.008238901413793322,0.5802918122917676,0.6167507849965866,0.38381242752075195
